contract,numTransactions
0x95c14E2F6C7CE7520047738065808e722719bc97,78
0x65b09b12bF46f364F68F5bFF0bfC5d8b54368971,66
0x3A9BD1a817C39F3ed1E5Dd841aCA2d76BFCD6A74,45
0x6E46dc7dE63D9db7C2F655A014b53bA8E0F44353,19
0x5d5Ea130cc22c4729c8681049f006493A321A5f5,17
0xde354E510ee57185bCCEE60663FAB9C067c17991,13
0xB78d90d76314b9E2F67407BC67CB8845A792395e,12
0x70831901D9D000515491231fB43be1Bc0E549eE0,9
0x18214e5691A116995a5b6F6A8a4029BC7574C47A,8
0xdAE326778Dcd31249dA66527749d04Ce0f63b508,8
0xa5E0829CaCEd8fFDD4De3c43696c57F7D7A678ff,6
0x8Df23f638Bb40B2c62C49dD7b7Ca46723500C485,5